,amount_paid_usd,tags,country,title,artist,at,type,image
0,657,Techno,Netherlands,The Question Number,Pulso,"01/04/2024, 10:30:01",album,https://f4.bcbits.com/img/a3626723008_7.jpg
0,657,Electronic,Netherlands,The Question Number,Pulso,"01/04/2024, 10:30:01",album,https://f4.bcbits.com/img/a3626723008_7.jpg
1,219,House,United Kingdom,Xumba Xumba (Eden Burns Remix),Mainline Magic Orchestra,"01/04/2024, 10:30:05",track,https://f4.bcbits.com/img/a2763960411_7.jpg
1,219,Electronic,United Kingdom,Xumba Xumba (Eden Burns Remix),Mainline Magic Orchestra,"01/04/2024, 10:30:05",track,https://f4.bcbits.com/img/a2763960411_7.jpg
1,219,Disco,United Kingdom,Xumba Xumba (Eden Burns Remix),Mainline Magic Orchestra,"01/04/2024, 10:30:05",track,https://f4.bcbits.com/img/a2763960411_7.jpg
2,300,Experimental,Netherlands,[TR002],"Matias Freccia, TreetRecords","01/04/2024, 10:30:06",album,https://f4.bcbits.com/img/a2865444320_7.jpg
2,300,Techno,Netherlands,[TR002],"Matias Freccia, TreetRecords","01/04/2024, 10:30:06",album,https://f4.bcbits.com/img/a2865444320_7.jpg
2,300,Ambiente,Netherlands,[TR002],"Matias Freccia, TreetRecords","01/04/2024, 10:30:06",album,https://f4.bcbits.com/img/a2865444320_7.jpg
2,300,Electronic,Netherlands,[TR002],"Matias Freccia, TreetRecords","01/04/2024, 10:30:06",album,https://f4.bcbits.com/img/a2865444320_7.jpg
3,1000,Art Rock,Germany,Relics,Antistatic,"01/04/2024, 10:30:06",album,https://f4.bcbits.com/img/a1337836122_7.jpg
3,1000,Rock In Opposition,Germany,Relics,Antistatic,"01/04/2024, 10:30:06",album,https://f4.bcbits.com/img/a1337836122_7.jpg
3,1000,Zen Funk,Germany,Relics,Antistatic,"01/04/2024, 10:30:06",album,https://f4.bcbits.com/img/a1337836122_7.jpg
3,1000,Electronic Music,Germany,Relics,Antistatic,"01/04/2024, 10:30:06",album,https://f4.bcbits.com/img/a1337836122_7.jpg
3,1000,Jazz,Germany,Relics,Antistatic,"01/04/2024, 10:30:06",album,https://f4.bcbits.com/img/a1337836122_7.jpg
3,1000,Adventurous Music,Germany,Relics,Antistatic,"01/04/2024, 10:30:06",album,https://f4.bcbits.com/img/a1337836122_7.jpg
3,1000,Minimalism,Germany,Relics,Antistatic,"01/04/2024, 10:30:06",album,https://f4.bcbits.com/img/a1337836122_7.jpg
3,1000,Experimental,Germany,Relics,Antistatic,"01/04/2024, 10:30:06",album,https://f4.bcbits.com/img/a1337836122_7.jpg
4,100,Ambient,Australia,Day Time Pajamas,Odem Medo & Low Key Trampoline,"01/04/2024, 10:30:12",album,https://f4.bcbits.com/img/a3234045533_7.jpg
4,100,Acoustic,Australia,Day Time Pajamas,Odem Medo & Low Key Trampoline,"01/04/2024, 10:30:12",album,https://f4.bcbits.com/img/a3234045533_7.jpg
4,100,Western,Australia,Day Time Pajamas,Odem Medo & Low Key Trampoline,"01/04/2024, 10:30:12",album,https://f4.bcbits.com/img/a3234045533_7.jpg
4,100,Bend,Australia,Day Time Pajamas,Odem Medo & Low Key Trampoline,"01/04/2024, 10:30:12",album,https://f4.bcbits.com/img/a3234045533_7.jpg
4,100,Folk,Australia,Day Time Pajamas,Odem Medo & Low Key Trampoline,"01/04/2024, 10:30:12",album,https://f4.bcbits.com/img/a3234045533_7.jpg
4,100,Background Music,Australia,Day Time Pajamas,Odem Medo & Low Key Trampoline,"01/04/2024, 10:30:12",album,https://f4.bcbits.com/img/a3234045533_7.jpg
4,100,Acoustic Guitar,Australia,Day Time Pajamas,Odem Medo & Low Key Trampoline,"01/04/2024, 10:30:12",album,https://f4.bcbits.com/img/a3234045533_7.jpg
5,889,Ambient,United Kingdom,Stella Remota,TSVI,"01/04/2024, 10:30:13",album,https://f4.bcbits.com/img/a1100769835_7.jpg
5,889,Electronic,United Kingdom,Stella Remota,TSVI,"01/04/2024, 10:30:13",album,https://f4.bcbits.com/img/a1100769835_7.jpg
5,889,Trance,United Kingdom,Stella Remota,TSVI,"01/04/2024, 10:30:13",album,https://f4.bcbits.com/img/a1100769835_7.jpg
5,889,Gregorian Chant,United Kingdom,Stella Remota,TSVI,"01/04/2024, 10:30:13",album,https://f4.bcbits.com/img/a1100769835_7.jpg
5,889,Choral,United Kingdom,Stella Remota,TSVI,"01/04/2024, 10:30:13",album,https://f4.bcbits.com/img/a1100769835_7.jpg
5,889,Idm,United Kingdom,Stella Remota,TSVI,"01/04/2024, 10:30:13",album,https://f4.bcbits.com/img/a1100769835_7.jpg
5,889,Bass,United Kingdom,Stella Remota,TSVI,"01/04/2024, 10:30:13",album,https://f4.bcbits.com/img/a1100769835_7.jpg
5,889,Sound Design,United Kingdom,Stella Remota,TSVI,"01/04/2024, 10:30:13",album,https://f4.bcbits.com/img/a1100769835_7.jpg
5,889,Dancehall,United Kingdom,Stella Remota,TSVI,"01/04/2024, 10:30:13",album,https://f4.bcbits.com/img/a1100769835_7.jpg
5,889,Experimental,United Kingdom,Stella Remota,TSVI,"01/04/2024, 10:30:13",album,https://f4.bcbits.com/img/a1100769835_7.jpg
6,508,Deep  House,Germany,SQR002,Max Sinàl,"01/04/2024, 10:30:14",album,https://f4.bcbits.com/img/a3476854131_7.jpg
6,508,Soulful House,Germany,SQR002,Max Sinàl,"01/04/2024, 10:30:14",album,https://f4.bcbits.com/img/a3476854131_7.jpg
6,508,Electronic,Germany,SQR002,Max Sinàl,"01/04/2024, 10:30:14",album,https://f4.bcbits.com/img/a3476854131_7.jpg
6,508,House Music,Germany,SQR002,Max Sinàl,"01/04/2024, 10:30:14",album,https://f4.bcbits.com/img/a3476854131_7.jpg
7,318,Deep  House,Germany,Max Sin​à​l - Crawling,Max Sinàl,"01/04/2024, 10:30:14",track,https://f4.bcbits.com/img/a3017120278_7.jpg
7,318,Soulful House,Germany,Max Sin​à​l - Crawling,Max Sinàl,"01/04/2024, 10:30:14",track,https://f4.bcbits.com/img/a3017120278_7.jpg
7,318,Electronic,Germany,Max Sin​à​l - Crawling,Max Sinàl,"01/04/2024, 10:30:14",track,https://f4.bcbits.com/img/a3017120278_7.jpg
7,318,House Music,Germany,Max Sin​à​l - Crawling,Max Sinàl,"01/04/2024, 10:30:14",track,https://f4.bcbits.com/img/a3017120278_7.jpg
8,1095,Electronic,United Kingdom,Crash Recoil,Surgeon,"01/04/2024, 10:30:22",album,https://f4.bcbits.com/img/a4100425961_7.jpg
8,1095,Drone,United Kingdom,Crash Recoil,Surgeon,"01/04/2024, 10:30:22",album,https://f4.bcbits.com/img/a4100425961_7.jpg
8,1095,Crash Recoil,United Kingdom,Crash Recoil,Surgeon,"01/04/2024, 10:30:22",album,https://f4.bcbits.com/img/a4100425961_7.jpg
8,1095,Electronic Music,United Kingdom,Crash Recoil,Surgeon,"01/04/2024, 10:30:22",album,https://f4.bcbits.com/img/a4100425961_7.jpg
8,1095,Breakbeat,United Kingdom,Crash Recoil,Surgeon,"01/04/2024, 10:30:22",album,https://f4.bcbits.com/img/a4100425961_7.jpg
8,1095,Surgeon,United Kingdom,Crash Recoil,Surgeon,"01/04/2024, 10:30:22",album,https://f4.bcbits.com/img/a4100425961_7.jpg
8,1095,Experimental Electronic,United Kingdom,Crash Recoil,Surgeon,"01/04/2024, 10:30:22",album,https://f4.bcbits.com/img/a4100425961_7.jpg
8,1095,House,United Kingdom,Crash Recoil,Surgeon,"01/04/2024, 10:30:22",album,https://f4.bcbits.com/img/a4100425961_7.jpg
8,1095,Techno,United Kingdom,Crash Recoil,Surgeon,"01/04/2024, 10:30:22",album,https://f4.bcbits.com/img/a4100425961_7.jpg
8,1095,Tresor Records,United Kingdom,Crash Recoil,Surgeon,"01/04/2024, 10:30:22",album,https://f4.bcbits.com/img/a4100425961_7.jpg
9,700,Punk,Germany,I'll Do What You Want Me To,The Dollfins,"01/04/2024, 10:30:25",album,https://f4.bcbits.com/img/a1823011596_7.jpg
9,700,Garage,Germany,I'll Do What You Want Me To,The Dollfins,"01/04/2024, 10:30:25",album,https://f4.bcbits.com/img/a1823011596_7.jpg
9,700,Garage Punk,Germany,I'll Do What You Want Me To,The Dollfins,"01/04/2024, 10:30:25",album,https://f4.bcbits.com/img/a1823011596_7.jpg
10,587,Punk,Germany,Riders of Rohan,Riders of Rohan,"01/04/2024, 10:30:26",album,https://f4.bcbits.com/img/a3443252199_7.jpg
10,587,Adventure Rock,Germany,Riders of Rohan,Riders of Rohan,"01/04/2024, 10:30:26",album,https://f4.bcbits.com/img/a3443252199_7.jpg
10,587,Heavy Metal,Germany,Riders of Rohan,Riders of Rohan,"01/04/2024, 10:30:26",album,https://f4.bcbits.com/img/a3443252199_7.jpg
10,587,Hard Rock,Germany,Riders of Rohan,Riders of Rohan,"01/04/2024, 10:30:26",album,https://f4.bcbits.com/img/a3443252199_7.jpg
10,587,Rock,Germany,Riders of Rohan,Riders of Rohan,"01/04/2024, 10:30:26",album,https://f4.bcbits.com/img/a3443252199_7.jpg
11,110,Other,Estonia,Reasons To Be Dismal? (Motorcitysoul Remix),Foremost Poets,"01/04/2024, 10:30:30",track,https://f4.bcbits.com/img/a0785247276_7.jpg
12,438,Ambient,United Kingdom,Sheol,HYPNO5E,"01/04/2024, 10:30:31",album,https://f4.bcbits.com/img/a0259641275_7.jpg
12,438,Cinematic Soundscape,United Kingdom,Sheol,HYPNO5E,"01/04/2024, 10:30:31",album,https://f4.bcbits.com/img/a0259641275_7.jpg
12,438,Extreme Metal,United Kingdom,Sheol,HYPNO5E,"01/04/2024, 10:30:31",album,https://f4.bcbits.com/img/a0259641275_7.jpg
12,438,Metal,United Kingdom,Sheol,HYPNO5E,"01/04/2024, 10:30:31",album,https://f4.bcbits.com/img/a0259641275_7.jpg
12,438,Post Metal Progressive Metal,United Kingdom,Sheol,HYPNO5E,"01/04/2024, 10:30:31",album,https://f4.bcbits.com/img/a0259641275_7.jpg
12,438,Experimental,United Kingdom,Sheol,HYPNO5E,"01/04/2024, 10:30:31",album,https://f4.bcbits.com/img/a0259641275_7.jpg
13,254,Ambient,Netherlands,cosmic sunday #4,Kate Carr,"01/04/2024, 10:30:46",album,https://f4.bcbits.com/img/a3946905521_7.jpg
13,254,Acoustic,Netherlands,cosmic sunday #4,Kate Carr,"01/04/2024, 10:30:46",album,https://f4.bcbits.com/img/a3946905521_7.jpg
13,254,Drone,Netherlands,cosmic sunday #4,Kate Carr,"01/04/2024, 10:30:46",album,https://f4.bcbits.com/img/a3946905521_7.jpg
13,254,Improv,Netherlands,cosmic sunday #4,Kate Carr,"01/04/2024, 10:30:46",album,https://f4.bcbits.com/img/a3946905521_7.jpg
13,254,Field Recording,Netherlands,cosmic sunday #4,Kate Carr,"01/04/2024, 10:30:46",album,https://f4.bcbits.com/img/a3946905521_7.jpg
13,254,Experimental,Netherlands,cosmic sunday #4,Kate Carr,"01/04/2024, 10:30:46",album,https://f4.bcbits.com/img/a3946905521_7.jpg
14,381,Electronic,Netherlands,UH​-​03,Sully,"01/04/2024, 10:30:49",album,https://f4.bcbits.com/img/a2122228468_7.jpg
14,381,Garage,Netherlands,UH​-​03,Sully,"01/04/2024, 10:30:49",album,https://f4.bcbits.com/img/a2122228468_7.jpg
14,381,DNB,Netherlands,UH​-​03,Sully,"01/04/2024, 10:30:49",album,https://f4.bcbits.com/img/a2122228468_7.jpg
14,381,Other,Netherlands,UH​-​03,Sully,"01/04/2024, 10:30:49",album,https://f4.bcbits.com/img/a2122228468_7.jpg
14,381,Jungle,Netherlands,UH​-​03,Sully,"01/04/2024, 10:30:49",album,https://f4.bcbits.com/img/a2122228468_7.jpg
15,1393,Dtm,Japan,electron sea,switchworks,"01/04/2024, 10:30:57",album,https://f4.bcbits.com/img/a0777641981_7.jpg
15,1393,Electronic,Japan,electron sea,switchworks,"01/04/2024, 10:30:57",album,https://f4.bcbits.com/img/a0777641981_7.jpg
15,1393,Trance,Japan,electron sea,switchworks,"01/04/2024, 10:30:57",album,https://f4.bcbits.com/img/a0777641981_7.jpg
15,1393,Game,Japan,electron sea,switchworks,"01/04/2024, 10:30:57",album,https://f4.bcbits.com/img/a0777641981_7.jpg
15,1393,Mixture,Japan,electron sea,switchworks,"01/04/2024, 10:30:57",album,https://f4.bcbits.com/img/a0777641981_7.jpg
15,1393,Techno,Japan,electron sea,switchworks,"01/04/2024, 10:30:57",album,https://f4.bcbits.com/img/a0777641981_7.jpg
16,700,Punk,United Kingdom,lil' peril,The Intelligence,"01/04/2024, 10:31:02",album,https://f4.bcbits.com/img/a3121328522_7.jpg
16,700,Surf,United Kingdom,lil' peril,The Intelligence,"01/04/2024, 10:31:02",album,https://f4.bcbits.com/img/a3121328522_7.jpg
16,700,Post Punk,United Kingdom,lil' peril,The Intelligence,"01/04/2024, 10:31:02",album,https://f4.bcbits.com/img/a3121328522_7.jpg
16,700,Garage,United Kingdom,lil' peril,The Intelligence,"01/04/2024, 10:31:02",album,https://f4.bcbits.com/img/a3121328522_7.jpg
17,192,Hardtechno,France,Bours? - Birds of Marigny,Various Artists,"01/04/2024, 10:31:04",track,https://f4.bcbits.com/img/a2186859448_7.jpg
17,192,Electronic,France,Bours? - Birds of Marigny,Various Artists,"01/04/2024, 10:31:04",track,https://f4.bcbits.com/img/a2186859448_7.jpg
17,192,Trance,France,Bours? - Birds of Marigny,Various Artists,"01/04/2024, 10:31:04",track,https://f4.bcbits.com/img/a2186859448_7.jpg
17,192,Acid Techno,France,Bours? - Birds of Marigny,Various Artists,"01/04/2024, 10:31:04",track,https://f4.bcbits.com/img/a2186859448_7.jpg
17,192,Techno,France,Bours? - Birds of Marigny,Various Artists,"01/04/2024, 10:31:04",track,https://f4.bcbits.com/img/a2186859448_7.jpg
17,192,Industrial Techno,France,Bours? - Birds of Marigny,Various Artists,"01/04/2024, 10:31:04",track,https://f4.bcbits.com/img/a2186859448_7.jpg
18,508,Alt Country,Germany,A Murder of Crows,Jack Cade,"01/04/2024, 10:31:06",album,https://f4.bcbits.com/img/a0123891296_7.jpg
18,508,Country Blues,Germany,A Murder of Crows,Jack Cade,"01/04/2024, 10:31:06",album,https://f4.bcbits.com/img/a0123891296_7.jpg
18,508,Dark Americana,Germany,A Murder of Crows,Jack Cade,"01/04/2024, 10:31:06",album,https://f4.bcbits.com/img/a0123891296_7.jpg
18,508,Americana,Germany,A Murder of Crows,Jack Cade,"01/04/2024, 10:31:06",album,https://f4.bcbits.com/img/a0123891296_7.jpg
18,508,Dark Country,Germany,A Murder of Crows,Jack Cade,"01/04/2024, 10:31:06",album,https://f4.bcbits.com/img/a0123891296_7.jpg
18,508,Folk,Germany,A Murder of Crows,Jack Cade,"01/04/2024, 10:31:06",album,https://f4.bcbits.com/img/a0123891296_7.jpg
18,508,Country,Germany,A Murder of Crows,Jack Cade,"01/04/2024, 10:31:06",album,https://f4.bcbits.com/img/a0123891296_7.jpg
18,508,Dark Folk,Germany,A Murder of Crows,Jack Cade,"01/04/2024, 10:31:06",album,https://f4.bcbits.com/img/a0123891296_7.jpg
19,1328,Spiritual,Macedonia,It's Just A Ride,Mihail P.,"01/04/2024, 10:31:11",album,https://f4.bcbits.com/img/a0962661589_7.jpg
19,1328,Ambient,Macedonia,It's Just A Ride,Mihail P.,"01/04/2024, 10:31:11",album,https://f4.bcbits.com/img/a0962661589_7.jpg
19,1328,Eletronica,Macedonia,It's Just A Ride,Mihail P.,"01/04/2024, 10:31:11",album,https://f4.bcbits.com/img/a0962661589_7.jpg
19,1328,Downtempo,Macedonia,It's Just A Ride,Mihail P.,"01/04/2024, 10:31:11",album,https://f4.bcbits.com/img/a0962661589_7.jpg
19,1328,Synth,Macedonia,It's Just A Ride,Mihail P.,"01/04/2024, 10:31:11",album,https://f4.bcbits.com/img/a0962661589_7.jpg
19,1328,Idm,Macedonia,It's Just A Ride,Mihail P.,"01/04/2024, 10:31:11",album,https://f4.bcbits.com/img/a0962661589_7.jpg
19,1328,Celestial,Macedonia,It's Just A Ride,Mihail P.,"01/04/2024, 10:31:11",album,https://f4.bcbits.com/img/a0962661589_7.jpg
19,1328,Triphop,Macedonia,It's Just A Ride,Mihail P.,"01/04/2024, 10:31:11",album,https://f4.bcbits.com/img/a0962661589_7.jpg
19,1328,Experimental,Macedonia,It's Just A Ride,Mihail P.,"01/04/2024, 10:31:11",album,https://f4.bcbits.com/img/a0962661589_7.jpg
20,329,Electronic,Netherlands,Irie Steppaz,Siu Mata & Amor Satyr,"01/04/2024, 10:31:11",album,https://f4.bcbits.com/img/a0133179589_7.jpg
20,329,Steppa,Netherlands,Irie Steppaz,Siu Mata & Amor Satyr,"01/04/2024, 10:31:11",album,https://f4.bcbits.com/img/a0133179589_7.jpg
20,329,Breaks,Netherlands,Irie Steppaz,Siu Mata & Amor Satyr,"01/04/2024, 10:31:11",album,https://f4.bcbits.com/img/a0133179589_7.jpg
20,329,Dembow,Netherlands,Irie Steppaz,Siu Mata & Amor Satyr,"01/04/2024, 10:31:11",album,https://f4.bcbits.com/img/a0133179589_7.jpg
20,329,Dubstep,Netherlands,Irie Steppaz,Siu Mata & Amor Satyr,"01/04/2024, 10:31:11",album,https://f4.bcbits.com/img/a0133179589_7.jpg
20,329,Dub,Netherlands,Irie Steppaz,Siu Mata & Amor Satyr,"01/04/2024, 10:31:11",album,https://f4.bcbits.com/img/a0133179589_7.jpg
20,329,Percussive,Netherlands,Irie Steppaz,Siu Mata & Amor Satyr,"01/04/2024, 10:31:11",album,https://f4.bcbits.com/img/a0133179589_7.jpg
20,329,Club,Netherlands,Irie Steppaz,Siu Mata & Amor Satyr,"01/04/2024, 10:31:11",album,https://f4.bcbits.com/img/a0133179589_7.jpg
21,191,Ambient,France,Mi Cuerpo,Pearson Sound X Clara!,"01/04/2024, 10:31:15",track,https://f4.bcbits.com/img/a3633847228_7.jpg
21,191,Electronic,France,Mi Cuerpo,Pearson Sound X Clara!,"01/04/2024, 10:31:15",track,https://f4.bcbits.com/img/a3633847228_7.jpg
21,191,Bass Music,France,Mi Cuerpo,Pearson Sound X Clara!,"01/04/2024, 10:31:15",track,https://f4.bcbits.com/img/a3633847228_7.jpg
21,191,House,France,Mi Cuerpo,Pearson Sound X Clara!,"01/04/2024, 10:31:15",track,https://f4.bcbits.com/img/a3633847228_7.jpg
21,191,Techno,France,Mi Cuerpo,Pearson Sound X Clara!,"01/04/2024, 10:31:15",track,https://f4.bcbits.com/img/a3633847228_7.jpg
22,635,Other,Japan,Tokyo Funk,Guchon & Carpainter,"01/04/2024, 10:31:16",album,https://f4.bcbits.com/img/a2285226765_7.jpg
23,150,Other,Australia,Tom Baker & Kuni - The Rabbit Hole (Original Mix),Various Artists,"01/04/2024, 10:31:21",track,https://f4.bcbits.com/img/a2845671866_7.jpg
24,254,House,New Zealand,Four Notches,Kieran Alexis,"01/04/2024, 10:31:24",track,https://f4.bcbits.com/img/a2822460814_7.jpg
24,254,Ludlow,New Zealand,Four Notches,Kieran Alexis,"01/04/2024, 10:31:24",track,https://f4.bcbits.com/img/a2822460814_7.jpg
24,254,Deephouse,New Zealand,Four Notches,Kieran Alexis,"01/04/2024, 10:31:24",track,https://f4.bcbits.com/img/a2822460814_7.jpg
25,1000,Surf,Australia,Mordechai,Khruangbin,"01/04/2024, 10:31:26",album,https://f4.bcbits.com/img/a0911513519_7.jpg
25,1000,Blues,Australia,Mordechai,Khruangbin,"01/04/2024, 10:31:26",album,https://f4.bcbits.com/img/a0911513519_7.jpg
25,1000,Instrumental,Australia,Mordechai,Khruangbin,"01/04/2024, 10:31:26",album,https://f4.bcbits.com/img/a0911513519_7.jpg
25,1000,Exotic,Australia,Mordechai,Khruangbin,"01/04/2024, 10:31:26",album,https://f4.bcbits.com/img/a0911513519_7.jpg
25,1000,Psych,Australia,Mordechai,Khruangbin,"01/04/2024, 10:31:26",album,https://f4.bcbits.com/img/a0911513519_7.jpg
25,1000,Funk,Australia,Mordechai,Khruangbin,"01/04/2024, 10:31:26",album,https://f4.bcbits.com/img/a0911513519_7.jpg
26,999,Post Worldbeat,Greece,There Is No Year,Algiers,"01/04/2024, 10:31:27",album,https://f4.bcbits.com/img/a2355841713_7.jpg
26,999,Post Punk,Greece,There Is No Year,Algiers,"01/04/2024, 10:31:27",album,https://f4.bcbits.com/img/a2355841713_7.jpg
26,999,Psychedelic Soul,Greece,There Is No Year,Algiers,"01/04/2024, 10:31:27",album,https://f4.bcbits.com/img/a2355841713_7.jpg
26,999,Experimental,Greece,There Is No Year,Algiers,"01/04/2024, 10:31:27",album,https://f4.bcbits.com/img/a2355841713_7.jpg
27,254,Drum And Bass,Netherlands,Style & Pattern,Breakage,"01/04/2024, 10:31:28",album,https://f4.bcbits.com/img/a2709110597_7.jpg
27,254,Electronic,Netherlands,Style & Pattern,Breakage,"01/04/2024, 10:31:28",album,https://f4.bcbits.com/img/a2709110597_7.jpg
27,254,Drum&Bass,Netherlands,Style & Pattern,Breakage,"01/04/2024, 10:31:28",album,https://f4.bcbits.com/img/a2709110597_7.jpg
27,254,Dub,Netherlands,Style & Pattern,Breakage,"01/04/2024, 10:31:28",album,https://f4.bcbits.com/img/a2709110597_7.jpg
27,254,DNB,Netherlands,Style & Pattern,Breakage,"01/04/2024, 10:31:28",album,https://f4.bcbits.com/img/a2709110597_7.jpg
27,254,D&B,Netherlands,Style & Pattern,Breakage,"01/04/2024, 10:31:28",album,https://f4.bcbits.com/img/a2709110597_7.jpg
27,254,Jungle,Netherlands,Style & Pattern,Breakage,"01/04/2024, 10:31:28",album,https://f4.bcbits.com/img/a2709110597_7.jpg
27,254,Dance,Netherlands,Style & Pattern,Breakage,"01/04/2024, 10:31:28",album,https://f4.bcbits.com/img/a2709110597_7.jpg
28,1143,Surf,Australia,The Universe Smiles Upon You,Khruangbin,"01/04/2024, 10:31:30",album,https://f4.bcbits.com/img/a1774367281_7.jpg
28,1143,Blues,Australia,The Universe Smiles Upon You,Khruangbin,"01/04/2024, 10:31:30",album,https://f4.bcbits.com/img/a1774367281_7.jpg
28,1143,Monrakplengthai,Australia,The Universe Smiles Upon You,Khruangbin,"01/04/2024, 10:31:30",album,https://f4.bcbits.com/img/a1774367281_7.jpg
28,1143,Late Night Tales,Australia,The Universe Smiles Upon You,Khruangbin,"01/04/2024, 10:31:30",album,https://f4.bcbits.com/img/a1774367281_7.jpg
28,1143,Thai,Australia,The Universe Smiles Upon You,Khruangbin,"01/04/2024, 10:31:30",album,https://f4.bcbits.com/img/a1774367281_7.jpg
28,1143,Instrumental,Australia,The Universe Smiles Upon You,Khruangbin,"01/04/2024, 10:31:30",album,https://f4.bcbits.com/img/a1774367281_7.jpg
28,1143,Exotic,Australia,The Universe Smiles Upon You,Khruangbin,"01/04/2024, 10:31:30",album,https://f4.bcbits.com/img/a1774367281_7.jpg
28,1143,Psych,Australia,The Universe Smiles Upon You,Khruangbin,"01/04/2024, 10:31:30",album,https://f4.bcbits.com/img/a1774367281_7.jpg
28,1143,Funk,Australia,The Universe Smiles Upon You,Khruangbin,"01/04/2024, 10:31:30",album,https://f4.bcbits.com/img/a1774367281_7.jpg
28,1143,Rock,Australia,The Universe Smiles Upon You,Khruangbin,"01/04/2024, 10:31:30",album,https://f4.bcbits.com/img/a1774367281_7.jpg
29,127,Speed Garage,United Kingdom,Tainted Dub,Wodda,"01/04/2024, 10:31:32",track,https://f4.bcbits.com/img/a1778543462_7.jpg
29,127,Trance,United Kingdom,Tainted Dub,Wodda,"01/04/2024, 10:31:32",track,https://f4.bcbits.com/img/a1778543462_7.jpg
29,127,Electronic,United Kingdom,Tainted Dub,Wodda,"01/04/2024, 10:31:32",track,https://f4.bcbits.com/img/a1778543462_7.jpg
29,127,Garage,United Kingdom,Tainted Dub,Wodda,"01/04/2024, 10:31:32",track,https://f4.bcbits.com/img/a1778543462_7.jpg
29,127,Breaks,United Kingdom,Tainted Dub,Wodda,"01/04/2024, 10:31:32",track,https://f4.bcbits.com/img/a1778543462_7.jpg
30,675,Fusion,Australia,Phase,Mildlife,"01/04/2024, 10:31:34",album,https://f4.bcbits.com/img/a0582828954_7.jpg
30,675,Mildlife,Australia,Phase,Mildlife,"01/04/2024, 10:31:34",album,https://f4.bcbits.com/img/a0582828954_7.jpg
30,675,Australian,Australia,Phase,Mildlife,"01/04/2024, 10:31:34",album,https://f4.bcbits.com/img/a0582828954_7.jpg
30,675,Disco,Australia,Phase,Mildlife,"01/04/2024, 10:31:34",album,https://f4.bcbits.com/img/a0582828954_7.jpg
30,675,Musicvictoria,Australia,Phase,Mildlife,"01/04/2024, 10:31:34",album,https://f4.bcbits.com/img/a0582828954_7.jpg
30,675,Psych,Australia,Phase,Mildlife,"01/04/2024, 10:31:34",album,https://f4.bcbits.com/img/a0582828954_7.jpg
30,675,Jazz,Australia,Phase,Mildlife,"01/04/2024, 10:31:34",album,https://f4.bcbits.com/img/a0582828954_7.jpg
30,675,Cosmic Funk,Australia,Phase,Mildlife,"01/04/2024, 10:31:34",album,https://f4.bcbits.com/img/a0582828954_7.jpg
30,675,Psychedelic Rock,Australia,Phase,Mildlife,"01/04/2024, 10:31:34",album,https://f4.bcbits.com/img/a0582828954_7.jpg
30,675,Funk,Australia,Phase,Mildlife,"01/04/2024, 10:31:34",album,https://f4.bcbits.com/img/a0582828954_7.jpg
30,675,Prog Rock,Australia,Phase,Mildlife,"01/04/2024, 10:31:34",album,https://f4.bcbits.com/img/a0582828954_7.jpg
31,1016,Vocal,United Kingdom,Jungle Book reimagined,Jocelyn Pook,"01/04/2024, 10:31:34",album,https://f4.bcbits.com/img/a3007386521_7.jpg
31,1016,Soundtrack,United Kingdom,Jungle Book reimagined,Jocelyn Pook,"01/04/2024, 10:31:34",album,https://f4.bcbits.com/img/a3007386521_7.jpg
31,1016,World,United Kingdom,Jungle Book reimagined,Jocelyn Pook,"01/04/2024, 10:31:34",album,https://f4.bcbits.com/img/a3007386521_7.jpg
31,1016,Score (Music For Film),United Kingdom,Jungle Book reimagined,Jocelyn Pook,"01/04/2024, 10:31:34",album,https://f4.bcbits.com/img/a3007386521_7.jpg
31,1016,Contemporary Classical,United Kingdom,Jungle Book reimagined,Jocelyn Pook,"01/04/2024, 10:31:34",album,https://f4.bcbits.com/img/a3007386521_7.jpg
32,100,Classic House,United Kingdom,CARE 4 ME (Single +),Never Dull,"01/04/2024, 10:31:36",album,https://f4.bcbits.com/img/a3997726316_7.jpg
32,100,Funky House,United Kingdom,CARE 4 ME (Single +),Never Dull,"01/04/2024, 10:31:36",album,https://f4.bcbits.com/img/a3997726316_7.jpg
32,100,Electronic,United Kingdom,CARE 4 ME (Single +),Never Dull,"01/04/2024, 10:31:36",album,https://f4.bcbits.com/img/a3997726316_7.jpg
32,100,Disco Edits,United Kingdom,CARE 4 ME (Single +),Never Dull,"01/04/2024, 10:31:36",album,https://f4.bcbits.com/img/a3997726316_7.jpg
32,100,Disco,United Kingdom,CARE 4 ME (Single +),Never Dull,"01/04/2024, 10:31:36",album,https://f4.bcbits.com/img/a3997726316_7.jpg
32,100,House,United Kingdom,CARE 4 ME (Single +),Never Dull,"01/04/2024, 10:31:36",album,https://f4.bcbits.com/img/a3997726316_7.jpg
32,100,Disco Edit,United Kingdom,CARE 4 ME (Single +),Never Dull,"01/04/2024, 10:31:36",album,https://f4.bcbits.com/img/a3997726316_7.jpg
32,100,Dance,United Kingdom,CARE 4 ME (Single +),Never Dull,"01/04/2024, 10:31:36",album,https://f4.bcbits.com/img/a3997726316_7.jpg
33,219,Cinematic Techno,France,B1 - Rebirth,CVNSUMED,"01/04/2024, 10:31:37",track,https://f4.bcbits.com/img/a2459778642_7.jpg
33,219,Techno,France,B1 - Rebirth,CVNSUMED,"01/04/2024, 10:31:37",track,https://f4.bcbits.com/img/a2459778642_7.jpg
33,219,Electronic,France,B1 - Rebirth,CVNSUMED,"01/04/2024, 10:31:37",track,https://f4.bcbits.com/img/a2459778642_7.jpg
33,219,Industrial Techno,France,B1 - Rebirth,CVNSUMED,"01/04/2024, 10:31:37",track,https://f4.bcbits.com/img/a2459778642_7.jpg
34,1016,Funk,Australia,Dance Moves EP,Franc Moody,"01/04/2024, 10:31:38",album,https://f4.bcbits.com/img/a3230641211_7.jpg
34,1016,Electronic,Australia,Dance Moves EP,Franc Moody,"01/04/2024, 10:31:38",album,https://f4.bcbits.com/img/a3230641211_7.jpg
34,1016,Disco,Australia,Dance Moves EP,Franc Moody,"01/04/2024, 10:31:38",album,https://f4.bcbits.com/img/a3230641211_7.jpg
35,445,Funk,Australia,House of FM,Franc Moody,"01/04/2024, 10:31:38",album,https://f4.bcbits.com/img/a3817428438_7.jpg
35,445,Electronic,Australia,House of FM,Franc Moody,"01/04/2024, 10:31:38",album,https://f4.bcbits.com/img/a3817428438_7.jpg
35,445,Disco,Australia,House of FM,Franc Moody,"01/04/2024, 10:31:38",album,https://f4.bcbits.com/img/a3817428438_7.jpg
36,219,Electronic,France,Dash,ÅMRTÜM,"01/04/2024, 10:31:41",track,https://f4.bcbits.com/img/a2543287519_7.jpg
36,219,Neorave,France,Dash,ÅMRTÜM,"01/04/2024, 10:31:41",track,https://f4.bcbits.com/img/a2543287519_7.jpg
36,219,Acidcore,France,Dash,ÅMRTÜM,"01/04/2024, 10:31:41",track,https://f4.bcbits.com/img/a2543287519_7.jpg
36,219,Acidtechno,France,Dash,ÅMRTÜM,"01/04/2024, 10:31:41",track,https://f4.bcbits.com/img/a2543287519_7.jpg
36,219,Hardtrance,France,Dash,ÅMRTÜM,"01/04/2024, 10:31:41",track,https://f4.bcbits.com/img/a2543287519_7.jpg
36,219,Techno,France,Dash,ÅMRTÜM,"01/04/2024, 10:31:41",track,https://f4.bcbits.com/img/a2543287519_7.jpg
37,548,World,Portugal,Mantras For Baba Vol. 6,Mantras for Baba,"01/04/2024, 10:31:42",album,https://f4.bcbits.com/img/a4097836463_7.jpg
38,675,Acoustic,Australia,Horns Of Cuba EP (feat. Julito Padr​ó​n),Mista Savona,"01/04/2024, 10:31:42",album,https://f4.bcbits.com/img/a0378887609_7.jpg
38,675,Electronic,Australia,Horns Of Cuba EP (feat. Julito Padr​ó​n),Mista Savona,"01/04/2024, 10:31:42",album,https://f4.bcbits.com/img/a0378887609_7.jpg
38,675,Son,Australia,Horns Of Cuba EP (feat. Julito Padr​ó​n),Mista Savona,"01/04/2024, 10:31:42",album,https://f4.bcbits.com/img/a0378887609_7.jpg
38,675,Reggae,Australia,Horns Of Cuba EP (feat. Julito Padr​ó​n),Mista Savona,"01/04/2024, 10:31:42",album,https://f4.bcbits.com/img/a0378887609_7.jpg
38,675,Jazz,Australia,Horns Of Cuba EP (feat. Julito Padr​ó​n),Mista Savona,"01/04/2024, 10:31:42",album,https://f4.bcbits.com/img/a0378887609_7.jpg
38,675,Dancehall,Australia,Horns Of Cuba EP (feat. Julito Padr​ó​n),Mista Savona,"01/04/2024, 10:31:42",album,https://f4.bcbits.com/img/a0378887609_7.jpg
38,675,Hiphop,Australia,Horns Of Cuba EP (feat. Julito Padr​ó​n),Mista Savona,"01/04/2024, 10:31:42",album,https://f4.bcbits.com/img/a0378887609_7.jpg
39,110,Indie,Denmark,Up and Comer,SPRINTS,"01/04/2024, 10:31:44",track,https://f4.bcbits.com/img/a1613134524_7.jpg
39,110,Alternative,Denmark,Up and Comer,SPRINTS,"01/04/2024, 10:31:44",track,https://f4.bcbits.com/img/a1613134524_7.jpg
39,110,Post Punk,Denmark,Up and Comer,SPRINTS,"01/04/2024, 10:31:44",track,https://f4.bcbits.com/img/a1613134524_7.jpg
39,110,Indie Rock,Denmark,Up and Comer,SPRINTS,"01/04/2024, 10:31:44",track,https://f4.bcbits.com/img/a1613134524_7.jpg
39,110,Rock,Denmark,Up and Comer,SPRINTS,"01/04/2024, 10:31:44",track,https://f4.bcbits.com/img/a1613134524_7.jpg
40,889,Electronic,Australia,Small Moments,Dan Kye,"01/04/2024, 10:31:46",album,https://f4.bcbits.com/img/a4112508517_7.jpg
40,889,Brokenbeat,Australia,Small Moments,Dan Kye,"01/04/2024, 10:31:46",album,https://f4.bcbits.com/img/a4112508517_7.jpg
40,889,Soulfull House,Australia,Small Moments,Dan Kye,"01/04/2024, 10:31:46",album,https://f4.bcbits.com/img/a4112508517_7.jpg
40,889,Chill House,Australia,Small Moments,Dan Kye,"01/04/2024, 10:31:46",album,https://f4.bcbits.com/img/a4112508517_7.jpg
40,889,House,Australia,Small Moments,Dan Kye,"01/04/2024, 10:31:46",album,https://f4.bcbits.com/img/a4112508517_7.jpg
40,889,Soul,Australia,Small Moments,Dan Kye,"01/04/2024, 10:31:46",album,https://f4.bcbits.com/img/a4112508517_7.jpg
40,889,Soulful House,Australia,Small Moments,Dan Kye,"01/04/2024, 10:31:46",album,https://f4.bcbits.com/img/a4112508517_7.jpg
41,1011,Ambient,Australia,Nightjar,The Vampires,"01/04/2024, 10:31:49",album,https://f4.bcbits.com/img/a2946688602_7.jpg
41,1011,Balkan,Australia,Nightjar,The Vampires,"01/04/2024, 10:31:49",album,https://f4.bcbits.com/img/a2946688602_7.jpg
41,1011,Reggae,Australia,Nightjar,The Vampires,"01/04/2024, 10:31:49",album,https://f4.bcbits.com/img/a2946688602_7.jpg
41,1011,Afrobeat,Australia,Nightjar,The Vampires,"01/04/2024, 10:31:49",album,https://f4.bcbits.com/img/a2946688602_7.jpg
41,1011,Jazz,Australia,Nightjar,The Vampires,"01/04/2024, 10:31:49",album,https://f4.bcbits.com/img/a2946688602_7.jpg
41,1011,Minimalism,Australia,Nightjar,The Vampires,"01/04/2024, 10:31:49",album,https://f4.bcbits.com/img/a2946688602_7.jpg
42,219,Hardtechno,France,NTBR - NEBULA [ARO03],ntbr,"01/04/2024, 10:31:46",track,https://f4.bcbits.com/img/a3421997416_7.jpg
42,219,Electronic,France,NTBR - NEBULA [ARO03],ntbr,"01/04/2024, 10:31:46",track,https://f4.bcbits.com/img/a3421997416_7.jpg
42,219,Ebm,France,NTBR - NEBULA [ARO03],ntbr,"01/04/2024, 10:31:46",track,https://f4.bcbits.com/img/a3421997416_7.jpg
42,219,Acid,France,NTBR - NEBULA [ARO03],ntbr,"01/04/2024, 10:31:46",track,https://f4.bcbits.com/img/a3421997416_7.jpg
42,219,Techno,France,NTBR - NEBULA [ARO03],ntbr,"01/04/2024, 10:31:46",track,https://f4.bcbits.com/img/a3421997416_7.jpg
43,164,Electronic,France,AIROD - Universe of 90's Techno Parties (Myler Remix),AIROD,"01/04/2024, 10:31:50",track,https://f4.bcbits.com/img/a0770299807_7.jpg
44,164,Electronic,France,Imago,Pavel K. Novalis,"01/04/2024, 10:31:50",track,https://f4.bcbits.com/img/a0215833582_7.jpg
45,1016,Hiphop Instrumentals,Australia,Beat Tape 2 (Extended Edition),Tom Misch,"01/04/2024, 10:31:53",album,https://f4.bcbits.com/img/a0757173086_7.jpg
45,1016,Blues,Australia,Beat Tape 2 (Extended Edition),Tom Misch,"01/04/2024, 10:31:53",album,https://f4.bcbits.com/img/a0757173086_7.jpg
45,1016,Rap,Australia,Beat Tape 2 (Extended Edition),Tom Misch,"01/04/2024, 10:31:53",album,https://f4.bcbits.com/img/a0757173086_7.jpg
45,1016,Hip Hop,Australia,Beat Tape 2 (Extended Edition),Tom Misch,"01/04/2024, 10:31:53",album,https://f4.bcbits.com/img/a0757173086_7.jpg
45,1016,Soulful,Australia,Beat Tape 2 (Extended Edition),Tom Misch,"01/04/2024, 10:31:53",album,https://f4.bcbits.com/img/a0757173086_7.jpg
45,1016,Jazz,Australia,Beat Tape 2 (Extended Edition),Tom Misch,"01/04/2024, 10:31:53",album,https://f4.bcbits.com/img/a0757173086_7.jpg
46,142,Electronic,France,Move Next,MIDNIGHT VICES,"01/04/2024, 10:31:54",track,https://f4.bcbits.com/img/a3053177754_7.jpg
46,142,Rave,France,Move Next,MIDNIGHT VICES,"01/04/2024, 10:31:54",track,https://f4.bcbits.com/img/a3053177754_7.jpg
46,142,Neorave,France,Move Next,MIDNIGHT VICES,"01/04/2024, 10:31:54",track,https://f4.bcbits.com/img/a3053177754_7.jpg
47,152,Industrial,Philippines,Maria Goetz & Virulent - A Final Solitaire,"VA - Maria Goetz & Virulent, Szeb, Drop-E, Spectralband","01/04/2024, 10:31:55",track,https://f4.bcbits.com/img/a3582496942_7.jpg
47,152,Electronic,Philippines,Maria Goetz & Virulent - A Final Solitaire,"VA - Maria Goetz & Virulent, Szeb, Drop-E, Spectralband","01/04/2024, 10:31:55",track,https://f4.bcbits.com/img/a3582496942_7.jpg
47,152,Underground,Philippines,Maria Goetz & Virulent - A Final Solitaire,"VA - Maria Goetz & Virulent, Szeb, Drop-E, Spectralband","01/04/2024, 10:31:55",track,https://f4.bcbits.com/img/a3582496942_7.jpg
47,152,Hypnotic,Philippines,Maria Goetz & Virulent - A Final Solitaire,"VA - Maria Goetz & Virulent, Szeb, Drop-E, Spectralband","01/04/2024, 10:31:55",track,https://f4.bcbits.com/img/a3582496942_7.jpg
47,152,Techno,Philippines,Maria Goetz & Virulent - A Final Solitaire,"VA - Maria Goetz & Virulent, Szeb, Drop-E, Spectralband","01/04/2024, 10:31:55",track,https://f4.bcbits.com/img/a3582496942_7.jpg
48,110,Other,France,A2. All Cries Are Beautiful,MAC DECLOS,"01/04/2024, 10:31:58",track,https://f4.bcbits.com/img/a0470530624_7.jpg
